{
    "rules" : [
        {
            "case" : {},
            "sugs" : [
                {
                    "class" : "Title",
                    "about" : "Add a short title to make your page better.",
                    "props" : {
                        "title" : "hey 👋!",
                        "size" : 26
                    }
                }
            ]
        },
        {
            "case" : {"Title":1},
            "sugs" : [
                {
                    "class" : "Image",
                    "about" : "Add an image to make the page look better.",
                    "props" : {
                        "src" : "https://images.pexels.com/photos/5220075/pexels-photo-5220075.jpeg?auto=compress&cs=tinysrgb&w=1260&h=750&dpr=2",
                        "width" : 150,
                        "height" : 150,
                        "border_radius" : 35
                    }
                }
            ]
        },
        {
            "case" : {"Title":1, "Image":1},
            "sugs" : [
                {
                    "class" : "Title",
                    "about" : "Add a small text under the image to make it knowable by users.",
                    "props" : {
                        "title" : "Thats me :)",
                        "size" : 11,
                        "width" : 130,
                        "bold" : false
                    }
                },
                {
                    "class" : "Paragraph",
                    "about" : "Add a paragraph that talks about you.",
                    "props" : {
                        "text" : "hello !,\nmy name is Dave, and I'm just a\nfictional legend. And also I am a content creator!",
                        "size" : 16,
                        "bold" : true
                    }
                }
            ]
        },
        {
            "case" : {"Title":2, "Image":1},
            "sugs" : [
                {
                    "class" : "Paragraph",
                    "about" : "Add a paragraph that talks about you.",
                    "props" : {
                        "text" : "hello !,\nmy name is Dave, and I'm just a\nfictional legend. And also I am a content creator!",
                        "size" : 16,
                        "bold" : true
                    }
                }
            ]
        },
        {
            "case" : {"Title":2, "Image":1, "Paragraph":1},
            "sugs" : [
                {
                    "class" : "Padding",
                    "about" : "Add padding to make space between widgets.",
                    "props" : {
                        "height" : 60
                    }
                },
                {
                    "class" : "Open Url",
                    "about" : "Add a link to one of your accounts or to email.",
                    "props" : {
                        "text" : "TikTok - 20k",
                        "link icon" : "TIKTOK_ROUNDED",
                        "text_color" : "black",
                        "bgcolor" : "white",
                        "icon_color" : "black",
                        "width" : 150,
                        "height" : 40,
                        "text_size" : 15,
                        "icon_size" : 15
                    }
                }
            ]
        },
        {
            "case" : {"Title":2, "Image":1, "Paragraph":1, "Padding":1},
            "sugs" : [
                {
                    "class" : "Open Url",
                    "about" : "Add a link to one of your accounts or to email.",
                    "props" : {
                        "text" : "TikTok - 20k",
                        "link icon" : "TIKTOK_ROUNDED",
                        "text_color" : "black",
                        "bgcolor" : "white",
                        "icon_color" : "black",
                        "width" : 150,
                        "height" : 40,
                        "text_size" : 15,
                        "icon_size" : 15
                    }
                }
            ]
        },
        {
            "case" : {"Title":1, "Image":1, "Paragraph":1},
            "sugs" : [
                {
                    "class" : "Padding",
                    "about" : "Add padding to make space between widgets.",
                    "props" : {
                        "height" : 60
                    }
                },
                {
                    "class" : "Open Url",
                    "about" : "Add a link to one of your accounts or to email.",
                    "props" : {
                        "text" : "TikTok - 20k",
                        "link icon" : "TIKTOK_ROUNDED",
                        "text_color" : "black",
                        "bgcolor" : "white",
                        "icon_color" : "black",
                        "width" : 150,
                        "height" : 40,
                        "text_size" : 15,
                        "icon_size" : 15
                    }
                }
            ]
        },
        {
            "case" : {"Title":1, "Image":1, "Paragraph":1, "Padding":1},
            "sugs" : [
                {
                    "class" : "Open Url",
                    "about" : "Add a link to one of your accounts or to email.",
                    "props" : {
                        "text" : "TikTok - 20k",
                        "link icon" : "TIKTOK_ROUNDED",
                        "text_color" : "black",
                        "bgcolor" : "white",
                        "icon_color" : "black",
                        "width" : 150,
                        "height" : 40,
                        "text_size" : 15,
                        "icon_size" : 15
                    }
                }
            ]
        }

    ]
}
