{"traceEvents": [{"ph": "M", "pid": 30319, "tid": 30319, "name": "process_name", "args": {"name": "MainProcess"}}, {"ph": "M", "pid": 30319, "tid": 30319, "name": "thread_name", "args": {"name": "MainThread"}}, {"pid": 30319, "tid": 30319, "ts": 45577999969.544, "ph": "X", "dur": 1.9456270416516674, "name": "fib (/home/gaogaotiantian/programs/viztracer/example/src/function_args_return.py:6)", "args": {"func_args": {"n": "1"}, "return_value": "1"}, "cat": "FEE"}, {"pid": 30319, "tid": 30319, "ts": 45577999971.866, "ph": "X", "dur": 0.5753216162225079, "name": "fib (/home/gaogaotiantian/programs/viztracer/example/src/function_args_return.py:6)", "args": {"func_args": {"n": "0"}, "return_value": "1"}, "cat": "FEE"}, {"pid": 30319, "tid": 30319, "ts": 45577999968.884, "ph": "X", "dur": 3.7452570567068935, "name": "fib (/home/gaogaotiantian/programs/viztracer/example/src/function_args_return.py:6)", "args": {"func_args": {"n": "2"}, "return_value": "2"}, "cat": "FEE"}, {"pid": 30319, "tid": 30319, "ts": 45577999972.941, "ph": "X", "dur": 0.42932458962606607, "name": "fib (/home/gaogaotiantian/programs/viztracer/example/src/function_args_return.py:6)", "args": {"func_args": {"n": "1"}, "return_value": "1"}, "cat": "FEE"}, {"pid": 30319, "tid": 30319, "ts": 45577999968.381, "ph": "X", "dur": 5.204227343037088, "name": "fib (/home/gaogaotiantian/programs/viztracer/example/src/function_args_return.py:6)", "args": {"func_args": {"n": "3"}, "return_value": "3"}, "cat": "FEE"}, {"pid": 30319, "tid": 30319, "ts": 45577999974.327, "ph": "X", "dur": 0.47565697934502815, "name": "fib (/home/gaogaotiantian/programs/viztracer/example/src/function_args_return.py:6)", "args": {"func_args": {"n": "1"}, "return_value": "1"}, "cat": "FEE"}, {"pid": 30319, "tid": 30319, "ts": 45577999974.988, "ph": "X", "dur": 0.4219914056417699, "name": "fib (/home/gaogaotiantian/programs/viztracer/example/src/function_args_return.py:6)", "args": {"func_args": {"n": "0"}, "return_value": "1"}, "cat": "FEE"}, {"pid": 30319, "tid": 30319, "ts": 45577999973.792, "ph": "X", "dur": 1.7372979511887083, "name": "fib (/home/gaogaotiantian/programs/viztracer/example/src/function_args_return.py:6)", "args": {"func_args": {"n": "2"}, "return_value": "2"}, "cat": "FEE"}, {"pid": 30319, "tid": 30319, "ts": 45577999967.829, "ph": "X", "dur": 7.814507514901781, "name": "fib (/home/gaogaotiantian/programs/viztracer/example/src/function_args_return.py:6)", "args": {"func_args": {"n": "4"}, "return_value": "5"}, "cat": "FEE"}, {"pid": 30319, "tid": 30319, "ts": 45577999976.798, "ph": "X", "dur": 1.205642112327237, "name": "fib (/home/gaogaotiantian/programs/viztracer/example/src/function_args_return.py:6)", "args": {"func_args": {"n": "1"}, "return_value": "1"}, "cat": "FEE"}, {"pid": 30319, "tid": 30319, "ts": 45577999978.198, "ph": "X", "dur": 0.5166561443481384, "name": "fib (/home/gaogaotiantian/programs/viztracer/example/src/function_args_return.py:6)", "args": {"func_args": {"n": "0"}, "return_value": "1"}, "cat": "FEE"}, {"pid": 30319, "tid": 30319, "ts": 45577999976.309, "ph": "X", "dur": 2.5019490448239536, "name": "fib (/home/gaogaotiantian/programs/viztracer/example/src/function_args_return.py:6)", "args": {"func_args": {"n": "2"}, "return_value": "2"}, "cat": "FEE"}, {"pid": 30319, "tid": 30319, "ts": 45577999978.963, "ph": "X", "dur": 0.4269913038128809, "name": "fib (/home/gaogaotiantian/programs/viztracer/example/src/function_args_return.py:6)", "args": {"func_args": {"n": "1"}, "return_value": "1"}, "cat": "FEE"}, {"pid": 30319, "tid": 30319, "ts": 45577999975.811, "ph": "X", "dur": 3.7035912386143015, "name": "fib (/home/gaogaotiantian/programs/viztracer/example/src/function_args_return.py:6)", "args": {"func_args": {"n": "3"}, "return_value": "3"}, "cat": "FEE"}, {"pid": 30319, "tid": 30319, "ts": 45577999966.568, "ph": "X", "dur": 13.056067430949831, "name": "fib (/home/gaogaotiantian/programs/viztracer/example/src/function_args_return.py:6)", "args": {"func_args": {"n": "5"}, "return_value": "8"}, "cat": "FEE"}, {"pid": 30319, "tid": 30319, "ts": 45577999981.214, "ph": "X", "dur": 0.4226580587312514, "name": "fib (/home/gaogaotiantian/programs/viztracer/example/src/function_args_return.py:6)", "args": {"func_args": {"n": "1"}, "return_value": "1"}, "cat": "FEE"}, {"pid": 30319, "tid": 30319, "ts": 45577999981.793, "ph": "X", "dur": 0.43632444706562146, "name": "fib (/home/gaogaotiantian/programs/viztracer/example/src/function_args_return.py:6)", "args": {"func_args": {"n": "0"}, "return_value": "1"}, "cat": "FEE"}, {"pid": 30319, "tid": 30319, "ts": 45577999980.756, "ph": "X", "dur": 1.5673014133709338, "name": "fib (/home/gaogaotiantian/programs/viztracer/example/src/function_args_return.py:6)", "args": {"func_args": {"n": "2"}, "return_value": "2"}, "cat": "FEE"}, {"pid": 30319, "tid": 30319, "ts": 45577999982.467, "ph": "X", "dur": 0.4173248340153996, "name": "fib (/home/gaogaotiantian/programs/viztracer/example/src/function_args_return.py:6)", "args": {"func_args": {"n": "1"}, "return_value": "1"}, "cat": "FEE"}, {"pid": 30319, "tid": 30319, "ts": 45577999980.269, "ph": "X", "dur": 2.714944706913283, "name": "fib (/home/gaogaotiantian/programs/viztracer/example/src/function_args_return.py:6)", "args": {"func_args": {"n": "3"}, "return_value": "3"}, "cat": "FEE"}, {"pid": 30319, "tid": 30319, "ts": 45577999983.609, "ph": "X", "dur": 0.41399156856799224, "name": "fib (/home/gaogaotiantian/programs/viztracer/example/src/function_args_return.py:6)", "args": {"func_args": {"n": "1"}, "return_value": "1"}, "cat": "FEE"}, {"pid": 30319, "tid": 30319, "ts": 45577999984.193, "ph": "X", "dur": 0.3843255060860669, "name": "fib (/home/gaogaotiantian/programs/viztracer/example/src/function_args_return.py:6)", "args": {"func_args": {"n": "0"}, "return_value": "1"}, "cat": "FEE"}, {"pid": 30319, "tid": 30319, "ts": 45577999983.127, "ph": "X", "dur": 1.5503017595891564, "name": "fib (/home/gaogaotiantian/programs/viztracer/example/src/function_args_return.py:6)", "args": {"func_args": {"n": "2"}, "return_value": "2"}, "cat": "FEE"}, {"pid": 30319, "tid": 30319, "ts": 45577999979.786, "ph": "X", "dur": 4.991231680947759, "name": "fib (/home/gaogaotiantian/programs/viztracer/example/src/function_args_return.py:6)", "args": {"func_args": {"n": "4"}, "return_value": "5"}, "cat": "FEE"}, {"pid": 30319, "tid": 30319, "ts": 45577999963.534, "ph": "X", "dur": 21.344898619017677, "name": "fib (/home/gaogaotiantian/programs/viztracer/example/src/function_args_return.py:6)", "args": {"func_args": {"n": "6"}, "return_value": "13"}, "cat": "FEE"}], "viztracer_metadata": {"version": "0.17.1", "overflow": false, "baseTimeNanoseconds": 1731943920418642199}, "file_info": {"files": {"/home/gaogaotiantian/programs/viztracer/example/src/function_args_return.py": ["import os\n\nfrom viztracer import VizTracer\n\n\ndef fib(n):\n    if n < 2:\n        return 1\n    return fib(n - 1) + fib(n - 2)\n\n\nwith VizTracer(log_func_args=True,\n               log_func_retval=True,\n               file_info=True,\n               output_file=os.path.join(os.path.dirname(__file__), \"../\", \"json/function_args_return.json\")):\n    fib(6)\n", 16]}, "functions": {"fib (/home/gaogaotiantian/programs/viztracer/example/src/function_args_return.py:6)": ["/home/gaogaotiantian/programs/viztracer/example/src/function_args_return.py", 6]}}}