{"traceEvents": [{"ph": "M", "pid": 30321, "tid": 30321, "name": "process_name", "args": {"name": "MainProcess"}}, {"ph": "M", "pid": 30321, "tid": 30321, "name": "thread_name", "args": {"name": "MainThread"}}, {"pid": 30321, "tid": 30321, "ts": 45578144031.361, "ph": "i", "cat": "instant", "name": "logging - INFO:root:Recursive, working on 7", "s": "p"}, {"pid": 30321, "tid": 30321, "ts": 45578144066.421, "ph": "i", "cat": "instant", "name": "logging - INFO:root:Recursive, working on 6", "s": "p"}, {"pid": 30321, "tid": 30321, "ts": 45578144089.954, "ph": "i", "cat": "instant", "name": "logging - INFO:root:Recursive, working on 5", "s": "p"}, {"pid": 30321, "tid": 30321, "ts": 45578144109.746, "ph": "i", "cat": "instant", "name": "logging - INFO:root:Recursive, working on 4", "s": "p"}, {"pid": 30321, "tid": 30321, "ts": 45578144128.474, "ph": "i", "cat": "instant", "name": "logging - INFO:root:Recursive, working on 3", "s": "p"}, {"pid": 30321, "tid": 30321, "ts": 45578144145.657, "ph": "i", "cat": "instant", "name": "logging - INFO:root:Recursive, working on 2", "s": "p"}, {"pid": 30321, "tid": 30321, "ts": 45578144167.546, "ph": "i", "cat": "instant", "name": "logging - WARNING:root:Base case, return 1", "s": "p"}, {"pid": 30321, "tid": 30321, "ts": 45578144147.121, "ph": "X", "cat": "fee", "dur": 21.74, "name": "fib (/home/gaogaotiantian/programs/viztracer/example/src/logging_integration.py:7)"}, {"pid": 30321, "tid": 30321, "ts": 45578144185.025, "ph": "i", "cat": "instant", "name": "logging - WARNING:root:Base case, return 1", "s": "p"}, {"pid": 30321, "tid": 30321, "ts": 45578144169.365, "ph": "X", "cat": "fee", "dur": 16.862, "name": "fib (/home/gaogaotiantian/programs/viztracer/example/src/logging_integration.py:7)"}, {"pid": 30321, "tid": 30321, "ts": 45578144130.013, "ph": "X", "cat": "fee", "dur": 56.37, "name": "fib (/home/gaogaotiantian/programs/viztracer/example/src/logging_integration.py:7)"}, {"pid": 30321, "tid": 30321, "ts": 45578144201.57, "ph": "i", "cat": "instant", "name": "logging - WARNING:root:Base case, return 1", "s": "p"}, {"pid": 30321, "tid": 30321, "ts": 45578144186.75, "ph": "X", "cat": "fee", "dur": 15.971, "name": "fib (/home/gaogaotiantian/programs/viztracer/example/src/logging_integration.py:7)"}, {"pid": 30321, "tid": 30321, "ts": 45578144111.413, "ph": "X", "cat": "fee", "dur": 91.467, "name": "fib (/home/gaogaotiantian/programs/viztracer/example/src/logging_integration.py:7)"}, {"pid": 30321, "tid": 30321, "ts": 45578144218.107, "ph": "i", "cat": "instant", "name": "logging - INFO:root:Recursive, working on 2", "s": "p"}, {"pid": 30321, "tid": 30321, "ts": 45578144234.182, "ph": "i", "cat": "instant", "name": "logging - WARNING:root:Base case, return 1", "s": "p"}, {"pid": 30321, "tid": 30321, "ts": 45578144219.46, "ph": "X", "cat": "fee", "dur": 15.929, "name": "fib (/home/gaogaotiantian/programs/viztracer/example/src/logging_integration.py:7)"}, {"pid": 30321, "tid": 30321, "ts": 45578144250.841, "ph": "i", "cat": "instant", "name": "logging - WARNING:root:Base case, return 1", "s": "p"}, {"pid": 30321, "tid": 30321, "ts": 45578144235.705, "ph": "X", "cat": "fee", "dur": 16.287, "name": "fib (/home/gaogaotiantian/programs/viztracer/example/src/logging_integration.py:7)"}, {"pid": 30321, "tid": 30321, "ts": 45578144203.181, "ph": "X", "cat": "fee", "dur": 48.919, "name": "fib (/home/gaogaotiantian/programs/viztracer/example/src/logging_integration.py:7)"}, {"pid": 30321, "tid": 30321, "ts": 45578144091.817, "ph": "X", "cat": "fee", "dur": 160.351, "name": "fib (/home/gaogaotiantian/programs/viztracer/example/src/logging_integration.py:7)"}, {"pid": 30321, "tid": 30321, "ts": 45578144267.321, "ph": "i", "cat": "instant", "name": "logging - INFO:root:Recursive, working on 3", "s": "p"}, {"pid": 30321, "tid": 30321, "ts": 45578144283.036, "ph": "i", "cat": "instant", "name": "logging - INFO:root:Recursive, working on 2", "s": "p"}, {"pid": 30321, "tid": 30321, "ts": 45578144298.906, "ph": "i", "cat": "instant", "name": "logging - WARNING:root:Base case, return 1", "s": "p"}, {"pid": 30321, "tid": 30321, "ts": 45578144284.327, "ph": "X", "cat": "fee", "dur": 15.698, "name": "fib (/home/gaogaotiantian/programs/viztracer/example/src/logging_integration.py:7)"}, {"pid": 30321, "tid": 30321, "ts": 45578144314.652, "ph": "i", "cat": "instant", "name": "logging - WARNING:root:Base case, return 1", "s": "p"}, {"pid": 30321, "tid": 30321, "ts": 45578144300.306, "ph": "X", "cat": "fee", "dur": 15.493, "name": "fib (/home/gaogaotiantian/programs/viztracer/example/src/logging_integration.py:7)"}, {"pid": 30321, "tid": 30321, "ts": 45578144268.646, "ph": "X", "cat": "fee", "dur": 47.257, "name": "fib (/home/gaogaotiantian/programs/viztracer/example/src/logging_integration.py:7)"}, {"pid": 30321, "tid": 30321, "ts": 45578144330.605, "ph": "i", "cat": "instant", "name": "logging - WARNING:root:Base case, return 1", "s": "p"}, {"pid": 30321, "tid": 30321, "ts": 45578144316.139, "ph": "X", "cat": "fee", "dur": 15.621, "name": "fib (/home/gaogaotiantian/programs/viztracer/example/src/logging_integration.py:7)"}, {"pid": 30321, "tid": 30321, "ts": 45578144252.408, "ph": "X", "cat": "fee", "dur": 79.451, "name": "fib (/home/gaogaotiantian/programs/viztracer/example/src/logging_integration.py:7)"}, {"pid": 30321, "tid": 30321, "ts": 45578144068.837, "ph": "X", "cat": "fee", "dur": 263.095, "name": "fib (/home/gaogaotiantian/programs/viztracer/example/src/logging_integration.py:7)"}, {"pid": 30321, "tid": 30321, "ts": 45578144346.767, "ph": "i", "cat": "instant", "name": "logging - INFO:root:Recursive, working on 4", "s": "p"}, {"pid": 30321, "tid": 30321, "ts": 45578144362.544, "ph": "i", "cat": "instant", "name": "logging - INFO:root:Recursive, working on 3", "s": "p"}, {"pid": 30321, "tid": 30321, "ts": 45578144378.304, "ph": "i", "cat": "instant", "name": "logging - INFO:root:Recursive, working on 2", "s": "p"}, {"pid": 30321, "tid": 30321, "ts": 45578144394.17, "ph": "i", "cat": "instant", "name": "logging - WARNING:root:Base case, return 1", "s": "p"}, {"pid": 30321, "tid": 30321, "ts": 45578144379.661, "ph": "X", "cat": "fee", "dur": 15.709, "name": "fib (/home/gaogaotiantian/programs/viztracer/example/src/logging_integration.py:7)"}, {"pid": 30321, "tid": 30321, "ts": 45578144409.801, "ph": "i", "cat": "instant", "name": "logging - WARNING:root:Base case, return 1", "s": "p"}, {"pid": 30321, "tid": 30321, "ts": 45578144395.638, "ph": "X", "cat": "fee", "dur": 15.298, "name": "fib (/home/gaogaotiantian/programs/viztracer/example/src/logging_integration.py:7)"}, {"pid": 30321, "tid": 30321, "ts": 45578144363.879, "ph": "X", "cat": "fee", "dur": 47.162, "name": "fib (/home/gaogaotiantian/programs/viztracer/example/src/logging_integration.py:7)"}, {"pid": 30321, "tid": 30321, "ts": 45578144425.592, "ph": "i", "cat": "instant", "name": "logging - WARNING:root:Base case, return 1", "s": "p"}, {"pid": 30321, "tid": 30321, "ts": 45578144411.264, "ph": "X", "cat": "fee", "dur": 15.465, "name": "fib (/home/gaogaotiantian/programs/viztracer/example/src/logging_integration.py:7)"}, {"pid": 30321, "tid": 30321, "ts": 45578144348.092, "ph": "X", "cat": "fee", "dur": 78.717, "name": "fib (/home/gaogaotiantian/programs/viztracer/example/src/logging_integration.py:7)"}, {"pid": 30321, "tid": 30321, "ts": 45578144441.34, "ph": "i", "cat": "instant", "name": "logging - INFO:root:Recursive, working on 2", "s": "p"}, {"pid": 30321, "tid": 30321, "ts": 45578144456.879, "ph": "i", "cat": "instant", "name": "logging - WARNING:root:Base case, return 1", "s": "p"}, {"pid": 30321, "tid": 30321, "ts": 45578144442.626, "ph": "X", "cat": "fee", "dur": 15.406, "name": "fib (/home/gaogaotiantian/programs/viztracer/example/src/logging_integration.py:7)"}, {"pid": 30321, "tid": 30321, "ts": 45578144472.686, "ph": "i", "cat": "instant", "name": "logging - WARNING:root:Base case, return 1", "s": "p"}, {"pid": 30321, "tid": 30321, "ts": 45578144458.299, "ph": "X", "cat": "fee", "dur": 17.072, "name": "fib (/home/gaogaotiantian/programs/viztracer/example/src/logging_integration.py:7)"}, {"pid": 30321, "tid": 30321, "ts": 45578144427.013, "ph": "X", "cat": "fee", "dur": 48.454, "name": "fib (/home/gaogaotiantian/programs/viztracer/example/src/logging_integration.py:7)"}, {"pid": 30321, "tid": 30321, "ts": 45578144332.182, "ph": "X", "cat": "fee", "dur": 143.345, "name": "fib (/home/gaogaotiantian/programs/viztracer/example/src/logging_integration.py:7)"}, {"pid": 30321, "tid": 30321, "ts": 45578144034.994, "ph": "X", "cat": "fee", "dur": 440.599, "name": "fib (/home/gaogaotiantian/programs/viztracer/example/src/logging_integration.py:7)"}, {"pid": 30321, "tid": 30321, "ts": 45578144508.159, "ph": "i", "cat": "instant", "name": "logging - INFO:root:Recursive, working on 5", "s": "p"}, {"pid": 30321, "tid": 30321, "ts": 45578144531.772, "ph": "i", "cat": "instant", "name": "logging - INFO:root:Recursive, working on 4", "s": "p"}, {"pid": 30321, "tid": 30321, "ts": 45578144549.92, "ph": "i", "cat": "instant", "name": "logging - INFO:root:Recursive, working on 3", "s": "p"}, {"pid": 30321, "tid": 30321, "ts": 45578144566.766, "ph": "i", "cat": "instant", "name": "logging - INFO:root:Recursive, working on 2", "s": "p"}, {"pid": 30321, "tid": 30321, "ts": 45578144582.969, "ph": "i", "cat": "instant", "name": "logging - WARNING:root:Base case, return 1", "s": "p"}, {"pid": 30321, "tid": 30321, "ts": 45578144568.117, "ph": "X", "cat": "fee", "dur": 15.97, "name": "fib (/home/gaogaotiantian/programs/viztracer/example/src/logging_integration.py:7)"}, {"pid": 30321, "tid": 30321, "ts": 45578144598.805, "ph": "i", "cat": "instant", "name": "logging - WARNING:root:Base case, return 1", "s": "p"}, {"pid": 30321, "tid": 30321, "ts": 45578144584.401, "ph": "X", "cat": "fee", "dur": 15.51, "name": "fib (/home/gaogaotiantian/programs/viztracer/example/src/logging_integration.py:7)"}, {"pid": 30321, "tid": 30321, "ts": 45578144551.453, "ph": "X", "cat": "fee", "dur": 48.558, "name": "fib (/home/gaogaotiantian/programs/viztracer/example/src/logging_integration.py:7)"}, {"pid": 30321, "tid": 30321, "ts": 45578144614.281, "ph": "i", "cat": "instant", "name": "logging - WARNING:root:Base case, return 1", "s": "p"}, {"pid": 30321, "tid": 30321, "ts": 45578144600.282, "ph": "X", "cat": "fee", "dur": 15.127, "name": "fib (/home/gaogaotiantian/programs/viztracer/example/src/logging_integration.py:7)"}, {"pid": 30321, "tid": 30321, "ts": 45578144533.385, "ph": "X", "cat": "fee", "dur": 82.113, "name": "fib (/home/gaogaotiantian/programs/viztracer/example/src/logging_integration.py:7)"}, {"pid": 30321, "tid": 30321, "ts": 45578144630.116, "ph": "i", "cat": "instant", "name": "logging - INFO:root:Recursive, working on 2", "s": "p"}, {"pid": 30321, "tid": 30321, "ts": 45578144660.77, "ph": "i", "cat": "instant", "name": "logging - WARNING:root:Base case, return 1", "s": "p"}, {"pid": 30321, "tid": 30321, "ts": 45578144631.444, "ph": "X", "cat": "fee", "dur": 31.333, "name": "fib (/home/gaogaotiantian/programs/viztracer/example/src/logging_integration.py:7)"}, {"pid": 30321, "tid": 30321, "ts": 45578144683.02, "ph": "i", "cat": "instant", "name": "logging - WARNING:root:Base case, return 1", "s": "p"}, {"pid": 30321, "tid": 30321, "ts": 45578144663.277, "ph": "X", "cat": "fee", "dur": 21.16, "name": "fib (/home/gaogaotiantian/programs/viztracer/example/src/logging_integration.py:7)"}, {"pid": 30321, "tid": 30321, "ts": 45578144615.727, "ph": "X", "cat": "fee", "dur": 68.813, "name": "fib (/home/gaogaotiantian/programs/viztracer/example/src/logging_integration.py:7)"}, {"pid": 30321, "tid": 30321, "ts": 45578144510.669, "ph": "X", "cat": "fee", "dur": 173.927, "name": "fib (/home/gaogaotiantian/programs/viztracer/example/src/logging_integration.py:7)"}, {"pid": 30321, "tid": 30321, "ts": 45578144700.941, "ph": "i", "cat": "instant", "name": "logging - INFO:root:Recursive, working on 3", "s": "p"}, {"pid": 30321, "tid": 30321, "ts": 45578144717.284, "ph": "i", "cat": "instant", "name": "logging - INFO:root:Recursive, working on 2", "s": "p"}, {"pid": 30321, "tid": 30321, "ts": 45578144733.126, "ph": "i", "cat": "instant", "name": "logging - WARNING:root:Base case, return 1", "s": "p"}, {"pid": 30321, "tid": 30321, "ts": 45578144718.679, "ph": "X", "cat": "fee", "dur": 15.618, "name": "fib (/home/gaogaotiantian/programs/viztracer/example/src/logging_integration.py:7)"}, {"pid": 30321, "tid": 30321, "ts": 45578144748.834, "ph": "i", "cat": "instant", "name": "logging - WARNING:root:Base case, return 1", "s": "p"}, {"pid": 30321, "tid": 30321, "ts": 45578144734.586, "ph": "X", "cat": "fee", "dur": 15.371, "name": "fib (/home/gaogaotiantian/programs/viztracer/example/src/logging_integration.py:7)"}, {"pid": 30321, "tid": 30321, "ts": 45578144702.453, "ph": "X", "cat": "fee", "dur": 47.613, "name": "fib (/home/gaogaotiantian/programs/viztracer/example/src/logging_integration.py:7)"}, {"pid": 30321, "tid": 30321, "ts": 45578144764.679, "ph": "i", "cat": "instant", "name": "logging - WARNING:root:Base case, return 1", "s": "p"}, {"pid": 30321, "tid": 30321, "ts": 45578144750.303, "ph": "X", "cat": "fee", "dur": 15.515, "name": "fib (/home/gaogaotiantian/programs/viztracer/example/src/logging_integration.py:7)"}, {"pid": 30321, "tid": 30321, "ts": 45578144684.841, "ph": "X", "cat": "fee", "dur": 81.06, "name": "fib (/home/gaogaotiantian/programs/viztracer/example/src/logging_integration.py:7)"}, {"pid": 30321, "tid": 30321, "ts": 45578144475.943, "ph": "X", "cat": "fee", "dur": 290.029, "name": "fib (/home/gaogaotiantian/programs/viztracer/example/src/logging_integration.py:7)"}, {"pid": 30321, "tid": 30321, "ts": 45578143959.751, "ph": "X", "cat": "fee", "dur": 806.322, "name": "fib (/home/gaogaotiantian/programs/viztracer/example/src/logging_integration.py:7)"}, {"pid": 30321, "tid": 30321, "ts": 45578140772.077, "ph": "X", "cat": "fee", "dur": 3994.089, "name": "<module> (/home/gaogaotiantian/programs/viztracer/example/src/logging_integration.py:1)"}, {"pid": 30321, "tid": 30321, "ts": 45578140769.812, "ph": "X", "cat": "fee", "dur": 3996.895, "name": "builtins.exec"}], "viztracer_metadata": {"overflow": false, "version": "0.17.1"}, "file_info": {"files": {"/home/gaogaotiantian/programs/viztracer/example/src/logging_integration.py": ["import logging\n\nfrom viztracer import get_tracer\nfrom viztracer.vizlogging import VizLoggingHandler\n\n\ndef fib(n):\n    if n < 2:\n        logging.warning(\"Base case, return 1\")\n        return 1\n    logging.info(f\"Recursive, working on {n}\")\n    return fib(n - 1) + fib(n - 2)\n\n\nhandler = VizLoggingHandler()\nhandler.setTracer(get_tracer())\nlogging.basicConfig(handlers=[handler], level=logging.INFO)\n\nfib(7)\n", 19]}, "functions": {"fib (/home/gaogaotiantian/programs/viztracer/example/src/logging_integration.py:7)": ["/home/gaogaotiantian/programs/viztracer/example/src/logging_integration.py", 7], "<module> (/home/gaogaotiantian/programs/viztracer/example/src/logging_integration.py:1)": ["/home/gaogaotiantian/programs/viztracer/example/src/logging_integration.py", 1]}}}